{
    "rmse": 1532.3859078939258,
    "mae": 660.7869310015712,
    "r2": 0.8910954254358123
}